﻿{
    "EventHubName": {
        "Title": "Azure Event Hub",
        "Description": "The name of the event hub to recieve the messages from the data generator."
    },
    "EventHubConnectionString": {
        "Title": "Event Hub Connection String",
        "Description": "The connection string to the service bus containing the event hub.",
    },
    "StorageAccountConnectionString": {
        "Title": "Azure Storage Connection String",
        "Description": "The connection string to an Azure Storage service"
    },
    "SqlServerName": {
        "Title": "Azure SQL Server",
        "Description": "The name of an Azure SQL server"
    },
    "SqlDatabaseName": {
        "Title": "Azure SQL Database",
        "Description": "The name of the SQL Database"
    },
    "SqlTableName": {
        "Title": "Azure SQL Database Table",
        "Description": "The name of the SQL Database Table"
    },
    "User": {
        "Title": "Azure SQL User",
        "Description": "The SQL user name that will have access"
    },
    "Credential": {
        "Title": "Azure SQL User Password",
        "Description": "The SQL user password that will have access"
    }
}